fingerprint,id,nearest_id,distance,same_category
scalar,ACO01,SYN09,4.37048307752018,False
scalar,ACO02,FNK10,3.155216478095932,False
scalar,ACO03,CLA08,3.9368158848906525,False
scalar,ACO04,ACO07,3.849572173856734,True
scalar,ACO05,FNK02,3.946786159274817,False
scalar,ACO06,JAZ04,3.3517306897381505,False
scalar,ACO07,ACO04,3.849572173856734,True
scalar,ACO08,FNK08,4.524651548683929,False
scalar,ACO09,CHP08,3.4759404121768553,False
scalar,ACO10,JAZ07,3.1811439210030845,False
scalar,AMB01,AMB08,4.90623874246986,True
scalar,AMB02,AMB06,4.080167168143824,True
scalar,AMB03,ACO09,4.6332037400502095,False
scalar,AMB04,AMB08,3.396967563322226,True
scalar,AMB05,SYN09,3.2457955779115872,False
scalar,AMB06,CLA09,3.851118148797753,False
scalar,AMB07,CLA02,4.681730733640433,False
scalar,AMB08,AMB04,3.396967563322226,True
scalar,AMB09,HOU08,7.070099378920815,False
scalar,AMB10,CHP08,4.13578979922585,False
scalar,CHP01,FNK01,5.957145263882871,False
scalar,CHP02,FNK05,5.431172267434795,False
scalar,CHP03,JAZ03,3.7714591749329602,False
scalar,CHP04,SYN06,3.7526764460243145,False
scalar,CHP05,FNK10,3.071586724752913,False
scalar,CHP06,FNK07,4.98735315706134,False
scalar,CHP07,JAZ07,4.385562886287119,False
scalar,CHP08,ACO09,3.4759404121768553,False
scalar,CHP09,CLA02,5.42146242273223,False
scalar,CHP10,CLA01,3.438398660891787,False
scalar,CLA01,CHP10,3.438398660891787,False
scalar,CLA02,FNK10,3.2034418196707573,False
scalar,CLA03,HOU04,3.001237538904244,False
scalar,CLA04,CLA03,3.6770384158956877,True
scalar,CLA05,JAZ01,3.7131973359706505,False
scalar,CLA06,SYN06,3.2680790414351706,False
scalar,CLA07,JAZ01,3.8124152976289145,False
scalar,CLA08,ACO03,3.9368158848906525,False
scalar,CLA09,ACO09,3.686295795347875,False
scalar,CLA10,SYN04,5.486279570267263,False
scalar,FNK01,FNK05,3.7084420205758306,True
scalar,FNK02,HOU02,3.7441396310387125,False
scalar,FNK03,FNK06,4.775575174329703,True
scalar,FNK04,FNK09,4.581251792547873,True
scalar,FNK05,ACO02,3.7005566705271105,False
scalar,FNK06,FNK10,3.235437304988048,True
scalar,FNK07,CHP06,4.98735315706134,False
scalar,FNK08,JAZ08,3.7795042953840516,False
scalar,FNK09,FNK04,4.581251792547873,True
scalar,FNK10,CHP05,3.071586724752913,False
scalar,HOU01,FNK02,3.8950628424010327,False
scalar,HOU02,FNK02,3.7441396310387125,False
scalar,HOU03,JAZ04,4.854792230987209,False
scalar,HOU04,CLA03,3.001237538904244,False
scalar,HOU05,SYN03,4.016015891611355,False
scalar,HOU06,FNK06,4.452839581142874,False
scalar,HOU07,SYN10,4.357041993378399,False
scalar,HOU08,ACO04,5.2059743901146955,False
scalar,HOU09,SYN08,2.918523463109506,False
scalar,HOU10,SYN07,3.5258113918969793,False
scalar,JAZ01,CLA03,3.0711818790601506,False
scalar,JAZ02,ACO02,3.6259342597112565,False
scalar,JAZ03,FNK06,3.7221436336246074,False
scalar,JAZ04,CLA02,3.350060020600494,False
scalar,JAZ05,FNK06,3.4467329691257778,False
scalar,JAZ06,SYN05,5.1035168469978665,False
scalar,JAZ07,ACO10,3.1811439210030845,False
scalar,JAZ08,FNK10,3.3186215640339807,False
scalar,JAZ09,FNK06,4.728438395801685,False
scalar,JAZ10,SYN08,3.667642658221482,False
scalar,SYN01,SYN02,4.966944872410483,True
scalar,SYN02,SYN01,4.966944872410483,True
scalar,SYN03,SYN06,3.235772923326283,True
scalar,SYN04,FNK06,4.710403895226139,False
scalar,SYN05,JAZ05,4.696430643491902,False
scalar,SYN06,SYN03,3.235772923326283,True
scalar,SYN07,HOU10,3.5258113918969793,False
scalar,SYN08,HOU09,2.918523463109506,False
scalar,SYN09,AMB05,3.2457955779115872,False
scalar,SYN10,FNK06,4.345989366077917,False
network,ACO01,JAZ08,8.131395559694246,False
network,ACO02,FNK06,4.454162088095955,False
network,ACO03,AMB08,9.276052822269714,False
network,ACO04,ACO07,5.181896068241666,True
network,ACO05,FNK02,6.213597733064216,False
network,ACO06,CLA03,5.3016943946712916,False
network,ACO07,ACO04,5.181896068241666,True
network,ACO08,ACO09,7.81233010714845,True
network,ACO09,CLA09,5.786146885768265,False
network,ACO10,CLA03,6.466689688738122,False
network,AMB01,AMB08,10.635677436511767,True
network,AMB02,HOU03,6.251069144410765,False
network,AMB03,SYN06,6.774488402825699,False
network,AMB04,CLA03,5.266190873403402,False
network,AMB05,SYN09,5.80166671230758,False
network,AMB06,AMB04,5.7523777728189645,True
network,AMB07,CLA02,6.044350394481793,False
network,AMB08,CLA06,4.277397425535868,False
network,AMB09,HOU08,8.61863360690555,False
network,AMB10,SYN06,7.394734657030941,False
network,CHP01,CLA02,7.798446261616666,False
network,CHP02,HOU03,6.886501147130518,False
network,CHP03,CHP10,5.432731177960572,True
network,CHP04,CLA06,5.5841561524938665,False
network,CHP05,FNK10,4.042514276702902,False
network,CHP06,SYN04,5.729962737791307,False
network,CHP07,AMB06,8.429448743114165,False
network,CHP08,CHP10,4.2440656833191985,True
network,CHP09,CLA02,6.996977589464755,False
network,CHP10,CHP08,4.2440656833191985,True
network,CLA01,CLA03,5.843291488539261,True
network,CLA02,FNK10,3.851715584611873,False
network,CLA03,AMB04,5.266190873403402,False
network,CLA04,CLA02,6.154830420522343,True
network,CLA05,JAZ02,5.995436810870556,False
network,CLA06,AMB08,4.277397425535868,False
network,CLA07,JAZ01,5.86854139491673,False
network,CLA08,ACO03,10.054081862717874,False
network,CLA09,ACO09,5.786146885768265,False
network,CLA10,SYN04,6.683846489742349,False
network,FNK01,JAZ10,5.356240869290269,False
network,FNK02,HOU02,5.784494618468518,False
network,FNK03,FNK06,5.887309239797456,True
network,FNK04,FNK09,5.935173468993107,True
network,FNK05,SYN10,5.492166500740089,False
network,FNK06,FNK10,4.297175018918101,True
network,FNK07,CHP06,6.025221767982272,False
network,FNK08,JAZ08,6.086368005557913,False
network,FNK09,FNK04,5.935173468993107,True
network,FNK10,CLA02,3.851715584611873,False
network,HOU01,JAZ02,6.318401706239176,False
network,HOU02,FNK02,5.784494618468518,False
network,HOU03,AMB02,6.251069144410765,False
network,HOU04,FNK10,5.079535487079812,False
network,HOU05,JAZ03,5.885552370510009,False
network,HOU06,FNK06,5.3130554722812375,False
network,HOU07,SYN10,5.991281119821812,False
network,HOU08,ACO04,6.922361237203902,False
network,HOU09,CHP08,5.623775963791753,False
network,HOU10,AMB04,5.81291992549631,False
network,JAZ01,CLA07,5.86854139491673,False
network,JAZ02,CHP05,4.7547933037364984,False
network,JAZ03,ACO09,5.820068230380494,False
network,JAZ04,FNK08,6.944516900896596,False
network,JAZ05,JAZ10,4.791307186614738,True
network,JAZ06,JAZ09,6.487867204480629,True
network,JAZ07,JAZ08,6.898784021887727,True
network,JAZ08,CLA03,6.017317409122403,False
network,JAZ09,JAZ06,6.487867204480629,True
network,JAZ10,JAZ05,4.791307186614738,True
network,SYN01,SYN02,9.81705888456515,True
network,SYN02,CLA04,8.069133215841934,False
network,SYN03,ACO09,7.206085325215701,False
network,SYN04,CHP06,5.729962737791307,False
network,SYN05,FNK06,6.963054056596012,False
network,SYN06,CLA06,5.630391483112582,False
network,SYN07,CHP10,6.618239975151488,False
network,SYN08,JAZ10,5.470087831110586,False
network,SYN09,AMB05,5.80166671230758,False
network,SYN10,FNK05,5.492166500740089,False
