id,title,duration_s,entropy_norm,effective_states,self_retention,transition_entropy_norm,detailed_balance_violation,metastability_slem,free_energy_range,heat_capacity,triplet_irreversibility,permutation_entropy,statistical_complexity,hurst_pc1,time_asymmetry_tau1,time_asymmetry_tau5,speed_mean,speed_cv,acceleration_mean,turn_angle_mean,tortuosity,rqa_recurrence_rate,rqa_determinism,rqa_mean_diag,rqa_max_diag,rqa_laminarity,rqa_trapping_time,topo_h1_count,topo_h1_sig_count,topo_h1_total,topo_h1_max,topo_h1_entropy
ACO01,Acoustic Guitar Rpg Tune With Strings And Pi,29.99201814058957,0.055444412165736104,1.1661696233066758,0.9720273649117916,0.03882267655742286,2.2324529200483563e-05,0.6204010466738864,6.440946539989948,0.6019893045146435,0.0,0.9145214786477881,0.14275348349856445,0.8605693581521501,0.048139797738487346,0.13579629225996354,0.5336714150866193,0.7844849402556857,0.819469912628416,1.6893638077832842,165.0071538729985,0.17337057728119182,0.5442176870748299,2.4918032786885247,9.0,0.683673469387755,2.873589164785553,34,1,1.4334678500890732,0.1595795750617981,3.1840084907032136
ACO02,LaDaDa Guitar,30.0,0.6379926105454395,5.864346879265832,0.507107773071025,0.4839852345589012,0.09470100574339234,0.6796820807223873,5.480638922700675,1.0377362433874182,0.1837503745329289,0.9276715496377725,0.12282383306076686,0.7250479933614405,0.03942878347221266,-0.1827315530239199,1.5381028677474988,0.7908536735447257,2.4059615117405944,1.7108383935682188,193.36961299274304,0.08069522036002483,0.1961538461538461,2.0901639344262297,4.0,0.3219230769230768,2.185378590078329,36,1,1.5467423796653748,0.16279946267604828,3.2827905350093793
ACO03,Revelation,30.0,0.06603171004662922,1.2009090054639655,0.9378407661121192,0.06378541466248566,0.009319266641369242,0.05670479771237424,6.4345465181444865,0.6743211841131841,0.010120405210919057,0.8736879884211152,0.19719293615455835,0.7705899257273839,-0.09254818610749162,-0.16482861809679722,0.6782954807459145,0.5999971671434992,1.0530319988546217,1.7397220355497465,360.76898583721106,0.052265673494723774,0.16270783847980988,2.4464285714285716,9.0,0.2814726840855105,2.184331797235023,34,4,2.24164742231369,0.37387317419052124,3.071846930070337
ACO04,Dialup Song,30.0,0.695075974778565,6.869970476489974,0.5118649466475544,0.4656355108510165,0.13991081382385706,0.7476009261936294,3.855452653782159,0.5162660886798629,0.17249226228585415,0.8900383315041864,0.17962430956734338,0.7016543674442566,0.03898778825776234,0.03938189681578111,1.777580415617285,0.8713498918076953,2.7567426208501002,1.6558451083538577,210.33293208073286,0.12259466170080695,0.35341772151898726,2.538181818181818,21.0,0.47670886075949354,2.2550898203592813,34,0,1.3196891620755196,0.1283024549484253,3.0948788265023355
ACO05,Happy Ukelele Island Surfing Theme,30.0,0.5015214935773128,4.0169095449115995,0.5290510260240577,0.38794986431885503,0.11354666247346473,0.5464001947866444,5.981414210612107,1.5739660784263605,0.18539392782165948,0.9399658934640486,0.11122642495435861,0.7793150893166613,0.19904299736767792,0.08293933423503312,2.205285482703032,0.5870899333109199,3.444499418190662,1.7944338884878634,394.526180149339,0.08305400372439478,0.2010463378176382,2.186991869918699,4.0,0.28624813153961126,2.2011494252873565,39,3,1.865099161863327,0.17461103200912476,3.271289983919022
ACO06,Midi Pack 1 24 New Tunes,30.0,0.35360114898651585,2.6654970694719156,0.8167701863354024,0.20410030981530086,0.012422360248447183,0.9984138109868999,5.3958976945663615,1.0302137212252926,0.021744624378373132,0.8611289996890359,0.20544237677860963,0.8385689337192896,-0.0038849139324797655,-0.08678610225250642,0.6212203630106613,0.5103391270022789,0.9155076287513102,1.6903804165264436,62.42711291673405,0.13625077591558038,0.4656036446469247,2.3602771362586603,6.0,0.5890660592255124,2.562933597621407,31,1,1.1206121742725372,0.16055136919021606,3.0304531576941516
ACO07,Wine Less Cry More,30.0,0.5594904697290284,4.717301719673132,0.6671335200746954,0.3522627942485374,0.09629358989972786,0.7455665872827979,4.9344739328110085,0.814695154257088,0.09923406387283604,0.8693737008880765,0.17787471306925629,0.7751588781972616,0.11639759291806487,0.20677087663050403,1.380268131372794,0.9982704866628904,2.1113299228911777,1.5886119314112255,538.1501821136417,0.12153941651148355,0.3947906026557711,2.4462025316455698,23.0,0.5375383043922368,2.5608272506082725,37,1,1.5034768283367157,0.19456952810287476,3.205894084258861
ACO08,A Small Fire Will Do Calming Loop,29.99628117913832,0.4507778067509088,3.4897198585411138,0.7621450754214717,0.26449271231915217,0.0822981366459626,0.7861778128543783,5.8230458948409245,0.8126063531784153,0.10082877672793344,0.7542995733361845,0.26239761146302554,0.8586413350159458,0.17731727631553554,0.3471025649374573,0.8787138171258841,1.1567324128885528,1.2724661881228567,1.4655343016244522,103.92342156292722,0.10769708255741775,0.4270893371757924,2.3375394321766563,6.0,0.44639769452449557,2.346969696969697,45,2,2.108572483062744,0.15913766622543335,3.484257230703945
ACO09,Fouler l horizon,30.0,0.5486828392365328,4.578044089205949,0.5786273529901707,0.4181922243450755,0.04802360724399696,0.5862925759521042,5.568344503119555,0.5911674088818818,0.05098404013551738,0.9002198788958562,0.16218530550283253,0.7487781998259992,-0.006751545929711483,0.030704707444102333,1.056597810150645,0.6732573861196104,1.5891144728724511,1.6365315944501901,570.3254098582239,0.06585971446306642,0.17530631479736092,2.1379310344827585,4.0,0.2912346842601318,2.1914893617021276,47,3,2.5368297398090363,0.17148011922836304,3.4173579365332545
ACO10,Gypselectric Guitar,30.0,0.34068385256534534,2.57172327050837,0.762582994217176,0.23662788043852997,0.06328978367958868,0.7080813632291484,4.818263401289101,1.6895234459603297,0.10035750831187132,0.8400484206755235,0.23147542935713897,0.7995055748503251,0.2366751373489705,0.011252531825950726,1.236127917581679,0.6434345990366954,1.8425818091901254,1.6060770364988812,315.927392528167,0.06672873991309745,0.17581395348837203,2.147727272727273,3.0,0.1874418604651162,2.132275132275132,39,2,2.205522298812866,0.19741958379745483,3.3570032541965293
AMB01,Creepy Ambient Loop,30.0,0.26179855544643343,2.0665069586607374,0.869425505756118,0.14132208304789848,0.0001397116351849817,0.7737277506831297,3.886705197365008,0.21845945383329093,0.0,0.9304155720415854,0.11539364752746142,0.9608257576047041,-0.006988476105740268,-0.005825743962602364,1.1039491582983636,0.5915865401581026,1.964777707716383,2.1821057332601126,596.7139469196414,0.1058348851644941,0.4615835777126098,2.4826498422712935,6.0,0.622873900293255,2.7801047120418847,33,1,1.2786814719438553,0.15462994575500488,3.087585804301138
AMB02,Desolate 6,30.0,0.2870948315932091,2.216647440024017,0.7932845520326918,0.21345001005265135,0.017218216129072546,0.5496170697776984,6.210600076381946,1.092677734478906,0.03264469632133792,0.9241020631552478,0.12899395138244402,0.8300956496027299,-0.05722467907632437,-0.2666706665744058,0.7120696737498092,0.6865545026817956,1.0843473341342846,1.7147656773545124,348.7378049643472,0.08814400993171943,0.2514084507042253,2.1636363636363636,9.0,0.383450704225352,2.182364729458918,26,0,1.26424840092659,0.14350369572639465,2.9484643005893907
AMB03,Ambient loading screen game music Pack,30.0,0.2585635046849455,2.048054374906804,0.7560028783517635,0.21549186320325228,0.010724385194162484,0.49220070775741737,5.507361993162052,0.9246578110654043,0.020211720736183568,0.8878140299400954,0.19033517190405838,0.8370743439427497,-0.08918926208620405,-0.10842058532769346,0.9295564416794747,0.5346645947685205,1.4077936614478637,1.7012577500203434,804.9832531538183,0.05779019242706394,0.2158968850698173,2.1382978723404253,3.0,0.2830290010741137,2.252136752136752,43,7,2.4111248254776,0.22002935409545898,3.330140739761945
AMB04,ambient horror track01,30.0,0.3512245301239827,2.6479908197202127,0.7575139786763554,0.2541193818446081,0.0060809002690102795,0.6622220973077172,4.145399732931842,1.0049098125723035,0.014367428140345917,0.9491066195574089,0.08681676783880168,0.891884270518162,0.023492452515595032,0.0051336899304666745,0.7275065682143523,0.5359071614630859,1.1640026246281885,1.8616817165297463,242.26104838458397,0.0782122905027933,0.2888888888888888,2.1927710843373496,4.0,0.40793650793650776,2.3363636363636364,36,2,1.8443031013011932,0.18809908628463745,3.268465311057476
AMB05,PS2 horror mystery ambient theme,30.0,0.29394826929291396,2.2591703776691943,0.944045114539503,0.07833452410048812,0.006215354304414605,0.951030011177896,5.921578419001542,0.4814324622572882,0.004225924486513892,0.9689041418176353,0.05806432658289561,0.9257255849959225,-0.0005518521232591471,-0.011230360575726581,0.6100559494340239,0.5357952073478534,1.013560916471809,1.9848207852997073,137.181785006342,0.13364369956548727,0.6535067347886668,2.836693548387097,10.0,0.7821644217371109,3.1594746716697935,41,1,1.4898881614208221,0.1517406702041626,3.335483517727386
AMB06,Ambient The Beach Where Dreams Die,30.0,0.2992774571275407,2.2927989094543544,0.759048158723616,0.22671612387713827,0.029344882399693805,0.5078039404430285,4.66107781776691,0.6425637990645144,0.024853810901948055,0.9034352673510743,0.15484681098154526,0.808997748744273,-0.02782470932897554,-0.05319994474997042,1.3878346253742093,0.7568236628600685,2.145804955581717,1.755850212840744,532.6632923602303,0.06989447548106766,0.20603907637655408,2.128440366972477,3.0,0.3068383658969803,2.2435064935064934,36,0,1.4446822702884674,0.1439744234085083,3.2333661773018925
AMB07,Sunset Walk Ambient Quiet Sweet Loop,29.979138321995464,0.7175625793023811,7.311920158684101,0.6033717834960062,0.40635415051922225,0.19445984915705383,0.920593363836133,5.2203558244378065,0.6217358538363759,0.3161382681497389,0.7855073821606805,0.279939026758004,0.7306412203767713,0.014101168193492174,0.08449257320828234,1.6461030968055934,1.000578612667122,2.3218337738498938,1.5095949542580882,235.07066681812384,0.17312228429546866,0.4829688060236643,2.4625228519195614,8.0,0.5548583721764072,2.607413647851727,34,0,0.9470564723014832,0.12108087539672852,3.1398544995530315
AMB08,Crimson Space Station Bgm Ambient Music 2 Sh,30.0,0.34284693774988284,2.5871931263854933,0.775838509316769,0.21942229187125234,0.025190771960958258,0.7583801371905422,3.344878951027554,0.5395656508770775,0.028163738801961883,0.8968520768831357,0.157813651351126,0.8179105672693116,-0.008409024772403437,-0.08901707743660499,0.5999562398151931,0.5834667320501357,0.9332257348930852,1.7706542541537673,207.17127573818064,0.07653631284916201,0.2862935928629358,2.1925465838509317,5.0,0.39740470397404687,2.2121896162528216,29,1,1.353741094470024,0.16923367977142334,3.0200408551671467
AMB09,Feel good slow ambient track with a beat,30.0,0.7390709776019168,7.761222476613842,0.5598380656610461,0.4455521824130136,0.1538376220053236,0.8450782010828124,4.753590190467916,0.3552945316866474,0.21889334241848746,0.878819599787785,0.18675869165904616,0.8629011058367084,0.06972590440340753,0.04746851859721128,1.6478065089412592,1.2395542010743397,2.4540457034915835,1.4795561402729862,753.4020727277676,0.25977653631284914,0.7154121863799282,3.8140127388535032,37.0,0.7922341696535243,4.477380148548278,33,1,1.1171365454792976,0.2940142750740051,2.7711674698466116
AMB10,ambient sound creepy,30.0,0.243889057499119,1.966399194700596,0.752503485866395,0.20470402132961985,0.01457725947521862,0.4448484358672816,6.086774726269771,0.33973493011315914,0.01563812549475419,0.9657587920268866,0.06181901224345659,0.7734474096712922,-0.022893168955771367,0.04905434555016703,0.7390408450094863,0.48426517051069606,1.2198048864871722,1.9446601413374507,278.627793613906,0.06958410924891371,0.14005352363960744,2.0128205128205128,3.0,0.23728813559322023,2.180327868852459,35,2,2.078369051218033,0.26401445269584656,3.2465942139697876
CHP01,A Wonderful Nightmare Chiptune version,30.0,0.47351578353656576,3.7168053455130674,0.7280006714789312,0.2835134904322517,0.07309887527278819,0.7392527802458229,5.916202061965171,1.2967252404452028,0.12396629784071159,0.8877178146690271,0.16845423785832064,0.5997434484772771,0.167472478993567,0.38117440721969315,1.6964091044907845,1.3475490401534578,2.609866156586185,1.6725389562578865,453.63955909529574,0.28758535071384234,0.5564429095618388,2.578,16.0,0.7364558601338225,2.940112020680741,26,0,0.4809742085635662,0.06946875154972076,2.9137837174032195
CHP02,Sometimes,30.006666666666668,0.6431392644896254,5.948628397492296,0.5872831303063852,0.4162892532567492,0.19545342684877537,0.691741885813042,5.533389488085069,0.9896369979532109,0.3079251601378972,0.8795958872012531,0.1636507349696848,0.5926168048892828,0.25168217344797733,-0.9491653255796747,1.4432045532583067,0.9352200888713006,2.1259227597964085,1.561036371823153,220.60629326900022,0.16989447548106765,0.4004384362440628,2.2738589211618256,7.0,0.5759956156375593,2.2569792412312095,27,2,1.3211685791611671,0.19895553588867188,2.791634203888106
CHP03,Pretty Good Chiptune don t know what to call,30.0,0.391609673364445,2.961727058484516,0.4745035429971124,0.3659491824483795,0.0778978217128859,0.27198210049898397,3.795489189093504,0.5470254765895526,0.0681919345644034,0.8853502028238881,0.19677661911762245,0.6943087172434971,0.3516530387178921,0.2558216274696779,1.5053123569389755,0.6058083623579854,2.372026821104799,1.782108473652186,584.3340033146944,0.06554934823091248,0.14015151515151508,2.276923076923077,7.0,0.17897727272727265,2.088397790055249,39,4,2.065900981426239,0.2674192786216736,3.181312706112224
CHP04,Aeitia PD Famitracker Chiptune Dump,30.0,0.46013832826685275,3.581473613577079,0.6127776722992206,0.3481219466383832,0.023515690688654393,0.6787383810301763,5.545177443838078,0.446015722279538,0.016687038422483928,0.9654210031208178,0.0625227282227229,0.9488879160522721,-0.0006792098349639843,-0.022363826681908096,1.114754916844546,0.5816341959089301,1.9147907895002039,2.026795212715261,403.7910621559236,0.05990068280571074,0.1979274611398963,2.146067415730337,6.0,0.35440414507772006,2.235294117647059,30,5,2.227170318365097,0.18752050399780273,3.100607238137979
CHP05,Lo fi chiptune glitch D n B,30.0,0.6181173222212821,5.549928898592019,0.5710869565217382,0.44018953772506986,0.08712732919254645,0.7202245197178827,5.30330490741828,0.348838435201447,0.14127824317169974,0.9018781736739302,0.15383991533539199,0.8678243957632715,0.0011482161168029595,-0.011958976729633357,1.340483015785183,0.7303215851130198,1.9729916794673326,1.5891344757514265,374.7399337694693,0.08826815642458101,0.31364275668073127,2.3978494623655915,8.0,0.20991561181434593,2.2029520295202953,32,0,1.1195672303438187,0.14634931087493896,3.035499258303945
CHP06,Chiptune Plucked,30.0,0.8047286819383282,9.31086192912372,0.3190993788819871,0.5443790380636907,0.40380843412879963,0.6744098956429566,3.9318256325138687,0.7079910766774016,0.511922839169848,0.8843552654207605,0.19251745982584728,0.5310589845490247,0.12403972573265273,-0.1366390428733026,3.0385055402657506,0.6069685761445369,4.642410934258756,1.7494922636895571,314.0682618390392,0.07982619490999379,0.26594090202177284,2.235294117647059,6.0,0.22083981337480552,2.1353383458646618,27,3,1.4300141334533691,0.26438334584236145,2.661757890129155
CHP07,Classical Pop Chiptune,30.0,0.4881959661339458,3.8712081041680984,0.670512260610765,0.33983665363348914,0.10862690864389217,0.6438199954246829,5.953243333645457,1.4290148014191537,0.1714956174744855,0.8738547057651104,0.1939551197291246,0.7903985704114703,0.04113360402469669,0.26594564969269596,2.485856090632636,0.8100443688567894,3.7627983920660775,1.574102743796776,232.39718879786042,0.06027312228429547,0.20803295571575686,2.1956521739130435,7.0,0.27394438722966,2.216666666666667,44,0,2.349809393286705,0.13519278168678284,3.532262238135399
CHP08,Bebop Chiptune,30.0,0.4026549575695464,3.0538301641928034,0.6672290571747082,0.31559218920202214,0.05887183468705198,0.5896746513097474,5.74620318989821,0.6406567603734817,0.054995051235565466,0.928959254939486,0.12234542294536734,0.5939391272747915,0.11197736343454864,0.2974814978675303,1.0622743095445213,0.5801742789260856,1.6083477978676401,1.6985917317376007,342.9329573618641,0.05139664804469274,0.14613526570048302,2.0508474576271185,3.0,0.16123188405797093,2.0538461538461537,41,2,2.550979048013687,0.23383134603500366,3.3193068301047735
CHP09,Something,30.0,0.5490915082491564,4.583234278508939,0.6655575273587684,0.3411858035423314,0.060805481612934933,0.7755144119308927,5.147494476493325,1.2662146265480838,0.10138251987607627,0.8862135277445785,0.18649916919131523,0.7869637699116309,-0.5253095971319848,-0.05172715412332947,1.1564375054690323,1.399813483695529,1.8297371595263374,1.6180370292902848,260.69572062620864,0.16939788950962134,0.4829607914987174,2.5642023346303504,11.0,0.496702088677171,2.4645454545454544,25,0,0.8416737765073776,0.12314268946647644,2.8038590800216165
CHP10,chiptune police loop,30.0,0.4168045922901358,3.1760164154413584,0.6762281197063795,0.31540589325711316,0.031112365894974542,0.6282360763992257,3.645449896123882,0.6885984737853821,0.02283723286238816,0.9108328316205124,0.15016015240582375,0.7231500883249751,0.21126500475701512,0.002955283100774324,0.8867564739769316,0.7034443051385001,1.3971624400531448,1.7594741238211413,179.16297197249446,0.05667287399130975,0.14019715224534496,2.064516129032258,3.0,0.2157721796276012,2.095744680851064,40,3,2.639280915260315,0.22773593664169312,3.361650123714055
CLA01,01 0x2A721 Lake Aria,30.0,0.42077091453943377,3.211135754930514,0.7745108695652162,0.25944451626185977,0.02028726708074532,0.7343900623287717,4.36944785230806,0.450054185355645,0.019904573220985867,0.9232667580162839,0.12487008097716126,0.9105225981015181,-0.02129189346230412,-0.06091850118977165,0.7073820471059599,0.5669750521866488,1.0699471045382487,1.6944475731486963,192.88904837160428,0.056424581005586595,0.2376237623762375,2.1176470588235294,3.0,0.2750275027502749,2.183406113537118,39,3,2.6502334475517273,0.32246679067611694,3.279864959996729
CLA02,Intensity Buffer Electronic,30.0,0.5783280484005435,4.970228548924337,0.645075421472936,0.3755315733758318,0.08691215616681441,0.9320106646434213,5.8021183747350085,1.1806530841261236,0.13689533667580953,0.8813609505398543,0.18497638954212473,0.7608404596343458,-0.07520114436372358,-0.07160412902065538,1.19499767920157,0.8320622282927657,1.7951004978712672,1.64686388288271,350.6233097594198,0.15139664804469274,0.3862238622386223,2.3201970443349755,6.0,0.5489954899548994,2.605058365758755,34,0,1.3023204505443573,0.1430257260799408,3.201586785522395
CLA03,05 0x2A725 Moon Cave,30.0,0.4871378508395784,3.8598677121044953,0.6796494837203771,0.32783052843752414,0.030640503224274983,0.7505930523771935,4.923623916786968,0.6028082102368787,0.02721424586145092,0.9046628058517637,0.15630517849148773,0.8587996061902036,0.009617539907846404,-0.06745892734309993,0.7400764869227134,0.6653013295868343,1.1372842824026568,1.7262994893817867,155.25207253504297,0.09000620732464308,0.4172413793103447,2.410358565737052,6.0,0.5631034482758619,2.7445378151260504,36,3,1.8478039354085922,0.1715434491634369,3.2089859406060337
CLA04,02 0x2A722 Rachels Weave,30.0,0.570006982860832,4.856873568662136,0.7901812303241713,0.2493124243897481,0.05127414277205812,0.9146812483272228,5.6801726083752655,0.892271411205152,0.057819268974569384,0.917188583898839,0.13586827812107022,0.8857663099501949,-0.0073713775453962405,0.008274457744672581,0.6565571568920514,0.666533425127915,0.97662668556602,1.6867107680088134,321.64888644870734,0.103227808814401,0.5748647023451592,2.950617283950617,11.0,0.71046301864101,3.2910863509749304,34,1,1.3585234880447388,0.16199779510498047,3.131032898115353
CLA05,Natures Beauty,30.0,0.5032479914306652,4.036184058062668,0.5445923160303496,0.3899307086754099,0.09490115448805066,0.8396309602290388,4.793031922944774,1.1818291927279458,0.09453869216842752,0.9485933938210847,0.09435841656933593,0.9000573287781927,-0.00279841633486717,0.17233365176996754,1.3029453049457924,0.6077866446581874,2.100742941593724,1.8158624952365414,243.64122140732323,0.10248292985723154,0.36765596608116285,2.290566037735849,5.0,0.5009085402786189,2.5446153846153847,39,0,1.6426778584718704,0.13882064819335938,3.2867807918030105
CLA06,Swordfight,30.0,0.46041877585876706,3.5842595280574963,0.622005323868677,0.35782389101732487,0.05723158828748882,0.6029744429861881,4.518158808786137,0.4347817756722455,0.05471193887670696,0.9550435854026128,0.08078145121734695,0.9364907563400293,0.03664532148518598,0.09064798189589014,0.8182270663271672,0.7144868588641601,1.2387218286235333,1.6411160656810069,239.06400158444154,0.06573556797020484,0.25779036827195456,2.2195121951219514,6.0,0.2743153918791311,2.1760299625468167,29,2,1.7436656951904297,0.1749369502067566,3.0645927232050916
CLA07,Warden,30.0,0.8022380633235561,9.24678762036554,0.7296800908301598,0.3208298057638517,0.09316770186335388,0.9362102106778932,5.147494476173197,0.6344353529974881,0.14871436980246863,0.9034401738841057,0.14247858221435766,0.9067552708993475,-0.006732831983287447,-0.1204036448891592,1.1452996957206278,0.880578888905072,1.7673565059276704,1.7128836989641367,105.22185591626464,0.12619490999379268,0.5031972454500737,2.671018276762402,8.0,0.6389572060993604,2.935593220338983,30,0,1.2376047670841217,0.13098478317260742,3.07147552256179
CLA08,Bluebonnet,30.0,0.025801795609690013,1.0741587182471497,0.981351787548294,0.022901507875076735,1.4672079033598755e-05,0.27788464143066705,6.455198562697134,0.28223717380327823,0.0,0.8849724948906124,0.1728184363953018,0.8028933577091246,-0.03456730035906177,0.06719255739917881,0.7876792009877868,0.7113940910359314,1.2097391861940423,1.7434892347003514,271.1653600462661,0.06356300434512725,0.2626953124999999,2.2416666666666667,4.0,0.37597656249999983,2.2514619883040936,43,3,2.13515704870224,0.23181426525115967,3.321802672611904
CLA09,Dance Of The Little Swans You Need Bashers T,30.0,0.36188564662428335,2.7274307874177337,0.6098075300973842,0.3201864410677599,0.02954528026991788,0.34559951910321246,6.006353158959319,0.6175611379128536,0.02838962993039824,0.9086960876827634,0.15417864076920854,0.790811620788846,-0.09358902727508155,0.002468111553019542,1.1119855289212435,0.5249106480669282,1.697758000154929,1.7158707393189883,299.6552505568047,0.05828677839851024,0.13631522896698609,2.064516129032258,3.0,0.1357827476038338,2.1610169491525424,42,0,2.310176730155945,0.14646315574645996,3.4610962184231453
CLA10,Spinning 2 Versions,30.0,0.7535428585804268,8.078970341454427,0.4585921325051752,0.4959872900019955,0.3333333333333328,0.6694788844129816,3.701301973955469,0.73215636294667,0.42822567922235716,0.7779371641923482,0.3092409896208582,0.6014604968724018,0.4786680101261209,0.009486405226611434,1.5761426672868066,0.8213493895784801,2.3645072901152004,1.4500048197093862,796.4035377538008,0.07417752948479206,0.30711297071129695,2.29375,5.0,0.23263598326359824,2.146718146718147,25,0,1.0054085552692413,0.0961495041847229,2.907327550823824
FNK01,Rythm factory rythm garden raspberry jam sec,30.0,0.4595795880472185,3.5759296446087823,0.5816682292277033,0.3551995395342925,0.10393472401265658,0.6131019749601646,5.616771097024913,0.7058030699114859,0.1225680199744744,0.8636545581192179,0.20315770266702657,0.6607926226317405,0.2058550689843163,-0.0878883850925404,1.644944281454147,0.8327395102754707,2.517167291624259,1.6683985961586476,452.6150922649915,0.17939168218497828,0.32768166089965395,2.228235294117647,9.0,0.37439446366782003,2.314438502673797,30,0,0.8344148248434067,0.0843462347984314,2.9866933528657738
FNK02,Detour,29.999455782312925,0.573455271157451,4.903531292618039,0.4217809181909694,0.47981247257748005,0.18938401048492762,0.34048884063467155,5.7930136077421075,1.1815371457303219,0.22629629974786125,0.920710831204232,0.13410257827221975,0.6488307514724455,0.01963396359299744,-0.1754023555724971,1.8432111139147294,0.7123317120010704,2.8772507128072635,1.698117039633528,747.2750027487705,0.130788330229671,0.23208353108685328,2.1077586206896552,4.0,0.35358329378262926,2.2507552870090635,39,3,2.025996685028076,0.20465588569641113,3.2063122117144576
FNK03,Barriers,30.0,0.6427814976370805,5.942730638609905,0.4201604554865418,0.4901939333011563,0.12564699792960643,0.8590948905355529,5.3230099784975495,0.554242801551189,0.15796745267716247,0.943462078248455,0.10112044283538323,0.6838526015226364,0.031459015345987086,-0.10017789855979609,1.5135438056000539,0.6510236005820597,2.337101055714121,1.706140634224632,254.1650702678908,0.12911235257603973,0.2629807692307692,2.1706349206349205,4.0,0.32788461538461533,2.4014084507042255,37,1,2.223794788122177,0.4349064826965332,3.132155564992503
FNK04,Komiku Helice Awesome Dance Adventure 07 The,30.007891156462584,0.7081001536802517,7.12258342576267,0.34465476834324804,0.46972044679473773,0.2303226969533077,0.7926124966866619,4.867534449815544,0.2556707627542724,0.28287907063896883,0.8862550521972962,0.18899929038643373,0.7768684655808246,0.20461753842680694,0.0445215623020932,2.34857144161555,0.7851358115489941,3.621006280426094,1.727915755132787,461.94066171649484,0.1669149596523898,0.48121978430643353,2.4415094339622643,10.0,0.4947936035701003,2.536701620591039,15,1,0.517756000161171,0.16660183668136597,1.9187493945655005
FNK05,Xenocity Sidekick,29.993832199546485,0.49437326224485467,3.938081719309924,0.5710533126293987,0.3709100567150705,0.1646092132505173,0.6181318832874543,5.888877957690665,1.0031112246448486,0.2028755796186333,0.9033484939520606,0.15604911234097343,0.7270349065472186,0.15529914188420346,-0.13572240936273236,1.9599994436927382,0.8943936534576625,3.017763924300858,1.6220053816532414,163.01312493064842,0.13414028553693358,0.37112447940768156,2.4084084084084085,12.0,0.5356316520129568,2.4575371549893843,36,1,1.1910443902015686,0.18490716814994812,3.2251051946133003
FNK06,04 HoliznaCC0 Make Money,30.0,0.6854545168663762,6.689127606840478,0.45579414374445365,0.49617223411287076,0.14931677018633516,0.6669071172982272,4.229263879909931,0.8887789807382269,0.21032479483438724,0.880487945281279,0.17668995372533333,0.7106995984712141,0.17248415158996147,0.07170423184579088,1.6574029828615364,0.7107882247822063,2.4282442467958596,1.606140185395087,331.8124694385853,0.08559900682805711,0.21682378535170407,2.265151515151515,7.0,0.27447425670775916,2.307926829268293,36,1,1.7919051796197891,0.2277669608592987,3.249585048583488
FNK07,Komiku Helice Awesome Dance Adventure 05 Cap,30.0,0.8629417064090001,10.941713843068404,0.3561723602484467,0.5265538535848568,0.3142468944099374,0.8541257807184165,2.9704144654678717,0.3877281283156413,0.4764023303177415,0.8546153046250448,0.23423211231374338,0.6793503471114938,0.19868048726166357,0.1748437364404537,2.707842634047831,0.6601064042855811,3.771061296842226,1.500633842523225,213.32691177232263,0.09888268156424582,0.29001883239171367,2.418848167539267,12.0,0.3757062146892654,2.220779220779221,18,3,1.2306071668863297,0.33692196011543274,2.1341420791497296
FNK08,Komiku Helice Awesome Dance Adventure 01 An,30.0,0.5249498519190242,4.286497814037539,0.6797235023041464,0.3497345577722213,0.07161640953716679,0.7261563718994005,4.824305715585349,0.7377536959672999,0.09758703463887941,0.7885991760013579,0.25466741220850697,0.8099952461858146,0.20543784580813154,0.01939133282612252,1.464264050846264,0.8936926644199633,2.21170775077585,1.5037799745030458,334.6266303599612,0.06623215394165115,0.24273664479850038,2.3125,9.0,0.21696344892221173,2.3034825870646767,35,2,1.8537052422761917,0.18237090110778809,3.1171441629141228
FNK09,Komiku Helice Awesome Dance Adventure 03 I m,30.0,0.6774082369227798,6.541551946752551,0.3781702898550719,0.48780186760485383,0.17737448240165604,0.8859767636538781,5.036952601773811,0.509346073956799,0.24961570629546384,0.9341533534756394,0.11280236397213635,0.7743852552931217,0.05446218111206435,0.055303587281648914,1.7798656402023432,0.6155211992842121,2.8507830009229886,1.825844582872951,155.8547154467041,0.11036623215394165,0.420134983127109,2.7769516728624537,17.0,0.4100112485939257,2.292452830188679,20,1,0.98929163813591,0.28611283004283905,2.270305330654557
FNK10,Wednesday Night Funk Fusion,30.0,0.6184512733868766,5.555070008749021,0.5578922495274093,0.4226102500259161,0.0614704293815824,0.7615631024873394,4.8713732264432155,0.8720813667042555,0.10572085938072906,0.8902553738809931,0.1752279800670734,0.7291097177759326,0.025757838841972462,0.13286014099438553,1.4579943758616665,0.6660678739687318,2.1287600571360517,1.5845725616451563,122.26280246348817,0.11104903786468032,0.3119060927892677,2.268292682926829,6.0,0.41056456120737833,2.388617886178862,33,1,1.2359019666910172,0.15367239713668823,3.137119188915801
HOU01,Pacific Ocean,30.0,0.5118111142822834,4.133157833382974,0.41797588600657587,0.4455157980281466,0.2182438192668368,0.2678690995784111,5.71702770076434,0.762134124480252,0.28520503592913615,0.9071965784169362,0.16269942788157246,0.5503463477073083,-0.22219456496867282,-0.4459391488798509,2.1483798044552302,0.6061423313424179,3.326520801735982,1.7155364328739353,399.55558181618585,0.07039106145251396,0.1904761904761904,2.1386138613861387,6.0,0.16269841269841262,2.0730337078651684,39,2,1.9672596603631973,0.18565595149993896,3.3209525718790602
HOU02,Funky House Of Far Different Nature Fupi Con,30.0,0.5996641827293802,5.273119643714531,0.44500650999978586,0.48524661817053555,0.16339032251179245,0.5275477225352455,4.290459440989597,1.1192542623038553,0.2053024606489591,0.9112176449832349,0.14305276576028536,0.6263226359258991,0.17480131905993385,-0.3493578391506014,2.0712511422011843,0.7045658428520438,3.270482283623703,1.7423188770162406,1129.4505785029264,0.14419615145872128,0.3306069737408523,2.213256484149856,11.0,0.387860525182953,2.2164821648216484,42,2,1.985167719423771,0.27089059352874756,3.2349583585896755
HOU03,The Bass of the Future,30.01015873015873,0.34080994976473117,2.572622542460785,0.7249933172948397,0.26107377822257927,0.041913926757551394,0.666067674659469,3.635190948943341,0.7780716495260103,0.03932992152455208,0.878976193737265,0.17709700701344813,0.6668323107002622,-0.07015600096680331,-0.6475816750104428,0.9350995978621067,0.918737808211317,1.4369134139122723,1.6913534286472924,115.48511888384874,0.18013656114214774,0.4796691936595451,2.3008264462809915,9.0,0.5492763611302549,2.2498235709244883,33,2,1.5678619891405106,0.21038725972175598,2.9841841673902554
HOU04,Coming After You,30.0,0.6452753393497451,5.983963425594848,0.6019616717125993,0.4178375709741713,0.07774119042417042,0.8249047122655744,4.605170185669312,0.6158005305733555,0.08771733382707896,0.9313414580060174,0.11586450439094384,0.8542779425672898,-0.03654783243541915,-0.1934330242720636,1.0397095216159005,0.7809938882305199,1.6440898038596068,1.7812545796448538,283.9323740559554,0.09422718808193668,0.3155467720685111,2.4690721649484537,12.0,0.43412384716732527,2.5493230174081236,33,3,1.564287468791008,0.17411652207374573,3.0882966413925415
HOU05,Synthwave House Loop,30.000544217687075,0.4212893174510689,3.2157544968701295,0.5095737410423127,0.3739000512149955,0.10239978130552774,0.4850934196103841,5.293304824403613,1.0644356907631227,0.08660033060277404,0.9382071524462374,0.11679254649081483,0.6712697001629067,0.1281023619404107,-0.07637268433216315,1.645792558552363,0.6414287783687151,2.747667937794997,1.9004585456226757,881.4856394105911,0.09441340782122905,0.239973701512163,2.134502923976608,5.0,0.30111768573307024,2.1451990632318503,27,4,1.78271846473217,0.27838194370269775,2.840344187134625
HOU06,Progress,30.0,0.7683432342283252,8.417389849127172,0.37499999999999933,0.5676701532954768,0.24922360248447165,0.579645259893401,5.141663555862426,0.6914733384543326,0.3682078956237017,0.9355626707443984,0.1076064376756774,0.6868593182560473,0.012939690242896696,-0.030262061642484323,2.4269800315475285,0.686364053927256,3.7099991743252745,1.6813501012811578,186.98598760401595,0.13047796399751707,0.302568981921979,2.4,7.0,0.31993339676498567,2.155448717948718,32,0,1.6164329499006271,0.14125311374664307,3.0788434202211534
HOU07,Blitsky TECHNO Meditation Relaxing Peaceful,30.0,0.6390492916073681,5.881553095172428,0.5520820129293945,0.41102855700334423,0.1555647103561919,0.7622316665848842,4.590056547859312,0.8604738100189208,0.22362781585591007,0.9025892542798226,0.15561906435401737,0.7581686708101248,0.06745830471431649,-0.024230246925748964,3.01161381992643,0.8940825148422398,4.682312895319381,1.6217428996205359,665.9300726738581,0.14220980757293605,0.3592317765168048,2.331444759206799,10.0,0.45504146660846784,2.43006993006993,33,0,1.1473008543252945,0.10526314377784729,3.107109933139663
HOU08,Slampe Synthwave House,30.0,0.753145530842307,8.070075234836803,0.42326478924199407,0.48830491617408994,0.13559066513899753,0.8014372667932279,3.9464244319875896,0.895558167164155,0.23563542077133082,0.9390404208208009,0.11182471193425289,0.7687377399527304,-0.08082173340086,-0.19149305146005963,1.8728485401618478,0.7882189467174509,2.8663867268391336,1.701108433864538,584.8928648184414,0.1985102420856611,0.6444652908067541,3.0533333333333332,16.0,0.6694809255784865,3.316808675445391,28,0,0.9432020708918571,0.14681726694107056,2.761487982053826
HOU09,Out of world trippy techno country track,30.0,0.3531268310030813,2.6619940083411966,0.7140754034462925,0.26462854641616385,0.13676513887525743,0.4183174896729102,6.095824561789676,1.0443845057640682,0.1443807393562659,0.8468552387271613,0.22521180403410807,0.6447930566776737,0.08898497528753924,0.14876970257264915,1.0928268765348685,0.6357461167146717,1.61966738715731,1.569794259917213,439.58398759845437,0.09211669770328988,0.21293800539083552,2.3582089552238807,9.0,0.2813342318059298,2.0365853658536586,32,1,1.8236857503652573,0.1625809669494629,3.12937282154319
HOU10,owzers chamber,30.0,0.43856031249996685,3.373488514513806,0.7011217205895975,0.2898641670002112,0.03770742560489471,0.8115536559837274,5.958424692387446,1.0779543662941913,0.04430372531976252,0.8918699160499459,0.1653431821022485,0.8123484884606818,0.23655671580473142,0.2171358473061058,1.4181756820544014,0.8382443574174524,2.258802165233582,1.7450197129268579,138.61890327255227,0.06815642458100558,0.27959927140255,2.20863309352518,5.0,0.40072859744990874,2.2797927461139897,37,5,2.652855709195137,0.21256417036056519,3.329982565745488
JAZ01,jazz synth dec 17,30.0,0.6607525267213671,6.246335699780169,0.7496867167919787,0.29957093754190023,0.048041298899422394,0.9168449322042265,5.438079308281996,0.7619017474686716,0.08948498313867248,0.9248127351434365,0.1318617317355023,0.8747417533381806,-0.021473547543857982,0.1530331831119819,1.244136374116232,0.8114463339586666,1.8768807865692076,1.6437619119778146,166.81439662500247,0.07473618870266915,0.34634551495016597,2.329608938547486,6.0,0.49501661129568086,2.596949891067538,36,2,1.6514032781124115,0.19129768013954163,3.186808739737452
JAZ02,Electronic Jazz Chromatic,30.0,0.6438545094246438,5.960436708278473,0.5347541605424107,0.462414283489381,0.14468256602342205,0.6893993203660022,5.370638027486658,0.5792634880624424,0.21080621485838238,0.9112213091101621,0.1433735185490147,0.6838356943458775,-0.1307560138916637,0.05064493662700208,1.6901720663917519,0.8170683562805717,2.680659124275522,1.779695710472704,701.3389073016594,0.10291744258224705,0.2889022919179734,2.227906976744186,5.0,0.32478890229191787,2.1890243902439024,35,0,1.554627701640129,0.10421678423881531,3.2872827702598144
JAZ03,Jazz,30.0097052154195,0.5316701959596075,4.367115791514707,0.43024146841307964,0.45103643718939135,0.09501915708812242,0.6675754804100417,4.469732214880449,0.7967758659409423,0.1523867467826698,0.8500911332509786,0.23717759931882487,0.8235337048672121,0.3319337392502416,0.21369383191081875,1.8216058070074748,0.6104619563308177,2.8481020178145373,1.7003155829818046,410.3574826772454,0.08100558659217877,0.19923371647509572,2.260869565217391,4.0,0.21800766283524897,2.285140562248996,33,4,2.105149269104004,0.23595663905143738,3.0516302995605677
JAZ04,jazz improvisation july 14,30.0,0.4145699753151269,3.1563996858536316,0.8072817704258398,0.23471955841214653,0.031027958294080966,0.8278934564459258,5.272999558243399,1.064643686802743,0.04963926371403455,0.8531314529605009,0.20710401389580094,0.841982983148099,0.005974412550571822,-0.29790845661291443,0.9956993704506518,0.8677756328572336,1.4084167397075757,1.5858664091423813,214.57369193442227,0.08535071384233395,0.3665454545454544,2.3886255924170614,6.0,0.5545454545454543,2.7280858676207513,35,0,1.2382422089576721,0.12199035286903381,3.184157724431613
JAZ05,NES chiptune Swingshot Swing Jazz,30.0,0.5902348600839642,5.137047594815434,0.4606572442641645,0.46670799882246505,0.13872163772341212,0.5685367361365908,4.590056547859312,0.6558703246143501,0.19079191579663468,0.8360748801482003,0.2361230683685068,0.5577457718518691,0.3349204654700553,-0.19959657614990722,1.8585775385748802,0.6321919797151784,2.7064100232729293,1.5489389791718915,218.27849554371596,0.08094351334574798,0.23006134969325145,2.3622047244094486,5.0,0.15452453987730055,2.0353535353535355,40,2,2.100231245160103,0.2042204737663269,3.281838893447844
JAZ06,jazz chromatic,30.0,0.7828086335493564,8.761844034801788,0.5911625177287612,0.45906907378782214,0.20355064312613064,0.7217805785705911,4.948759889738736,0.7922104539605848,0.3154623836163591,0.7366947249311679,0.2863687331047234,0.7842402172442295,0.32707198408160404,0.15611970021087912,1.4331019537431675,0.8994574280618599,2.106402536155085,1.419340983427129,810.8073233427268,0.05723153320918684,0.2440347071583513,2.142857142857143,5.0,0.2559652928416485,2.2264150943396226,39,4,2.5257345736026764,0.2032029628753662,3.340869941376716
JAZ07,jazz aug 10 1256 2021,30.002358276643992,0.5210162530731841,4.2400021968737684,0.7205060699137037,0.3208208816132073,0.05603334795963132,0.7681209074992378,5.254887808299884,1.6246938052521827,0.09238329565599562,0.8629274352435822,0.19970209340872386,0.8372945582896472,0.13113300766264668,0.10076608157026938,0.9656310241446577,0.7667181040669463,1.3961048586104836,1.5602458653342395,143.15273233426333,0.06834264432029795,0.2643051771117165,2.171641791044776,4.0,0.3891916439600362,2.279255319148936,47,1,2.0237384736537933,0.15444347262382507,3.399384871301887
JAZ08,Jazz flute,30.005260770975056,0.47760638698600194,3.759199674530766,0.6481458202388425,0.3359373780439099,0.08518751309448971,0.7696190201812533,4.8978397997375165,1.3317826502898733,0.10821191605597086,0.8471361559773922,0.22294635856931483,0.6588338248325825,0.01233459177894937,-0.14700834569105692,1.261254880473606,0.7242678465833613,1.836254935644754,1.5674663689105526,184.53623520541737,0.09813780260707634,0.249841872232764,2.337278106508876,5.0,0.32795698924731176,2.033333333333333,37,1,1.5539174675941467,0.2110472321510315,3.2015325274906496
JAZ09,jazz saxaphone,30.0,0.7932482292168425,9.01915901610983,0.6268944099378871,0.4488568036841483,0.13683229813664574,0.7817690880529504,5.23110861621403,0.6767935769229267,0.25503742338004304,0.8386580510736167,0.21827200352009327,0.7523748961581411,0.24610800151856638,0.48147154538524056,1.207519138118525,1.038670280781798,1.7961339868840989,1.5203275214689567,80.47762327680977,0.0649286157666046,0.3154875717017207,2.1710526315789473,4.0,0.445984703632887,2.2756097560975608,33,3,1.9600297659635544,0.26938551664352417,3.0022707517200673
JAZ10,Ragtime Jazz,29.990793650793652,0.5502690789751908,4.598222623182119,0.537970233212234,0.4255911843980543,0.09129262861830525,0.6794498723931074,5.676753801626488,0.8137796092285045,0.09161220228523201,0.837015827817324,0.23636191617491947,0.4716945096975611,0.12726327476044907,-0.017658883844797878,1.1675092222056924,0.708467885761048,1.693915196107777,1.5454534457218463,508.1323827497551,0.10043451272501552,0.30098887515451167,2.3872549019607843,11.0,0.25525339925834356,2.3267605633802817,42,0,1.7625880166888237,0.12244391441345215,3.389664495869191
SYN01,Nova,29.987845804988662,0.530294981581027,4.35049610355458,0.8957686335403712,0.1386131368528196,0.014169254658385075,0.9923225914491361,4.721470641471496,1.0731609360913497,0.025680198450216997,0.8132500994132178,0.2183968315491098,0.9158479103391479,0.0010450841184839316,0.01327969657001112,0.5819227729580514,0.9200639250532072,0.8232318387971365,1.4902996295668298,44.39274370455618,0.2153320918684047,0.8567310464110693,4.233618233618234,34.0,0.90213317959066,5.299745977984759,32,0,0.7940014600753784,0.12750253081321716,3.0408737511264095
SYN02,Stranger synth retro ambient soundtrack,29.987845804988662,0.5429324995667152,4.505633601514075,0.8117286440267795,0.2027032970773043,0.02984593046704844,0.9747524830450107,4.808111029665411,0.37761742916491403,0.03092479301348652,0.9020470584010589,0.15445632174704313,0.9773050683465471,0.011629796492165992,0.07900193771863087,1.0453032663177237,0.7694076994685434,1.6239861086986604,1.7863595620286876,99.68876523378296,0.23755431409062694,0.8343349882414423,3.6828143021914648,24.0,0.8765351450222105,4.490629183400268,33,0,0.9180545583367348,0.08412793278694153,3.063637022350842
SYN03,Eyeless Retrowave,30.000544217687075,0.3493868319521744,2.634533140380827,0.6197791872210467,0.30771944439582355,0.03240377193865561,0.7875895377112564,4.751432692806487,1.3395841392836005,0.046079294594942366,0.9429031430676776,0.10494181423331629,0.8963178382920792,0.008245479018886712,0.0860284815955778,1.2357035529249005,0.5966177930069971,2.1305786004961047,2.040993353184937,712.0401101810883,0.09335816263190565,0.24069148936170207,2.193939393939394,5.0,0.3447473404255318,2.211087420042644,34,3,1.8660513311624527,0.31569570302963257,2.9908409180708424
SYN04,Futility Belt,30.0,0.7315715725446331,7.60151136660532,0.3141658149225563,0.6064290884978947,0.23807885840081724,0.5212186471942449,4.375757021342337,0.4900111747817387,0.38759963088371613,0.8514426199777876,0.24352741177192946,0.6532663579318643,0.337218608193671,0.1906040492782424,2.6019577866958206,0.5893685531614994,3.8813408088496857,1.6402676571458725,748.2508148042331,0.1042830540037244,0.24999999999999994,2.3728813559322033,9.0,0.35654761904761895,2.079861111111111,36,2,1.6467472165822983,0.18684148788452148,3.0541391637608166
SYN05,Aerobics Synth Wave,30.01015873015873,0.738888865727606,7.757304659025132,0.4876980114593858,0.47365085113666267,0.29156274575890306,0.606729980192695,4.610157727179839,0.5876722659488742,0.4144288720427519,0.7834462953845209,0.2825270812383693,0.7054273334779315,0.023597644358724527,-0.07211508078125659,2.0344858006156232,0.7117601155448172,2.6449444866869554,1.341516637379303,199.4988377969201,0.10397268777157045,0.2638805970149253,2.1881188118811883,6.0,0.2910447761194029,2.1763392857142856,38,2,1.7398708760738373,0.1853819489479065,3.28360637761744
SYN06,Synthwave Auferstanden aus Ruinen 2 45,30.0,0.431159318899385,3.304970227918647,0.698059006211179,0.30330140625456276,0.03136645962732913,0.6895302928869782,4.867534450242568,0.9530348330352911,0.06326987458837581,0.9477480958409734,0.09053350372047743,0.8714237852647967,0.020032396141712937,0.09689525686914392,0.9193610927130212,0.6029537365157948,1.444826597822428,1.7856370220314204,461.8301769880145,0.0531967721911856,0.13185530921820296,2.173076923076923,4.0,0.2158693115519252,2.1142857142857143,29,3,1.8237696290016174,0.280217707157135,2.9255400618556666
SYN07,Tech rave,30.0,0.42779738268969586,3.274306852677312,0.7824191336613684,0.2561869574438735,0.018782770025006022,0.7856502405399103,5.262690188584554,0.9052255635313038,0.05678698942427233,0.8878311889907667,0.17523986633268593,0.870306840033886,0.049057413029738046,-0.05032001179038982,0.7340685675543729,0.8884488912854589,1.049730823256826,1.484780010255062,153.3884405743429,0.06654252017380509,0.29570895522388047,2.1133333333333333,4.0,0.5079291044776117,2.302325581395349,38,5,2.5637498944997787,0.24880370497703552,3.254644669904086
SYN08,03 HoliznaCC0 Cyber Anxiety,30.0,0.49109785983302956,3.9024805432828393,0.5395962732919246,0.4172839946255572,0.13104985077034745,0.3958479571659574,5.105945473580532,0.8489228216669816,0.13744983940671143,0.8616157433112498,0.23550915732798366,0.6468158850919895,0.19622114043520225,0.12583427100969868,1.3745861607662442,0.6597888839554356,2.067954810657381,1.5610640304948906,504.9138701217333,0.07622594661700807,0.18485342019543968,2.27,5.0,0.21091205211726377,2.0555555555555554,35,1,1.4687113165855408,0.18515929579734802,3.123287028563681
SYN09,Good Ending Diamond Dust,30.0,0.25253303053508497,2.014095542716863,0.9471590282627056,0.0725728485839824,0.01867948105406296,0.9332645474241735,6.23048144693575,0.9127183593144803,0.02999263871890841,0.9347352699906725,0.1120904031792294,1.0017312341525557,0.032879052838009674,0.3439907791939815,0.4108847692708103,0.723252296946526,0.6695870087886377,1.9218477911638898,373.272901217857,0.1288019863438858,0.6891566265060239,2.9363449691991788,12.0,0.7932530120481927,3.439916405433647,42,1,1.522672325372696,0.18192058801651,3.267017445460599
SYN10,04 HoliznaCC0 Lost In The Jungle,30.01015873015873,0.5398917506687546,4.467807424090429,0.4847189922480613,0.4442618333991314,0.13960271317829437,0.5726213949690285,5.07829394224958,1.0253796019974541,0.17429778809995106,0.9070743699148127,0.16259848731403084,0.5878527219028096,0.15774284418004708,0.04224571724217743,3.0453004820773097,0.6119346205589646,4.464448007834935,1.5970007932577373,404.834810493404,0.09031657355679702,0.2096219931271477,2.2426470588235294,8.0,0.21924398625429548,2.2,31,2,1.4729276448488235,0.2115234136581421,2.9417247400603137
